﻿<?xml version="1.0" encoding="utf-8"?>
<abapGit version="v1.0.0" serializer="LCL_OBJECT_VIEW" serializer_version="v1.0.0">
 <asx:abap xmlns:asx="http://www.sap.com/abapxml" version="1.0">
  <asx:values>
   <DD25V>
    <VIEWNAME>ZBOOKMAP</VIEWNAME>
    <AS4LOCAL>A</AS4LOCAL>
    <DDLANGUAGE>E</DDLANGUAGE>
    <AGGTYPE>V</AGGTYPE>
    <ROOTTAB>SBOOK</ROOTTAB>
    <DDTEXT>Bookings</DDTEXT>
    <VIEWCLASS>D</VIEWCLASS>
    <GLOBALFLAG>X</GLOBALFLAG>
   </DD25V>
   <DD26V_TABLE>
    <DD26V>
     <VIEWNAME>ZBOOKMAP</VIEWNAME>
     <TABNAME>SBOOK</TABNAME>
     <TABPOS>0001</TABPOS>
     <FORTABNAME>SBOOK</FORTABNAME>
    </DD26V>
   </DD26V_TABLE>
   <DD27P_TABLE>
    <DD27P>
     <VIEWNAME>ZBOOKMAP</VIEWNAME>
     <OBJPOS>0001</OBJPOS>
     <DDLANGUAGE>E</DDLANGUAGE>
     <VIEWFIELD>MANDT</VIEWFIELD>
     <TABNAME>SBOOK</TABNAME>
     <FIELDNAME>MANDT</FIELDNAME>
     <KEYFLAG>X</KEYFLAG>
     <ROLLNAME>S_MANDT</ROLLNAME>
     <ROLLNAMEVI>S_MANDT</ROLLNAMEVI>
     <CHECKTABLE>T000</CHECKTABLE>
     <SHLPORIGIN>P</SHLPORIGIN>
    </DD27P>
    <DD27P>
     <VIEWNAME>ZBOOKMAP</VIEWNAME>
     <OBJPOS>0002</OBJPOS>
     <DDLANGUAGE>E</DDLANGUAGE>
     <VIEWFIELD>BOOKID</VIEWFIELD>
     <TABNAME>SBOOK</TABNAME>
     <FIELDNAME>BOOKID</FIELDNAME>
     <KEYFLAG>X</KEYFLAG>
     <ROLLNAME>S_BOOK_ID</ROLLNAME>
     <ROLLNAMEVI>S_BOOK_ID</ROLLNAMEVI>
     <SHLPORIGIN>X</SHLPORIGIN>
    </DD27P>
    <DD27P>
     <VIEWNAME>ZBOOKMAP</VIEWNAME>
     <OBJPOS>0003</OBJPOS>
     <DDLANGUAGE>E</DDLANGUAGE>
     <VIEWFIELD>FLDATE</VIEWFIELD>
     <TABNAME>SBOOK</TABNAME>
     <FIELDNAME>FLDATE</FIELDNAME>
     <KEYFLAG>X</KEYFLAG>
     <ROLLNAME>S_DATE</ROLLNAME>
     <ROLLNAMEVI>S_DATE</ROLLNAMEVI>
     <CHECKTABLE>SFLIGHT</CHECKTABLE>
     <SHLPORIGIN>P</SHLPORIGIN>
    </DD27P>
    <DD27P>
     <VIEWNAME>ZBOOKMAP</VIEWNAME>
     <OBJPOS>0004</OBJPOS>
     <DDLANGUAGE>E</DDLANGUAGE>
     <VIEWFIELD>CONNID</VIEWFIELD>
     <TABNAME>SBOOK</TABNAME>
     <FIELDNAME>CONNID</FIELDNAME>
     <KEYFLAG>X</KEYFLAG>
     <ROLLNAME>S_CONN_ID</ROLLNAME>
     <ROLLNAMEVI>S_CONN_ID</ROLLNAMEVI>
     <CHECKTABLE>SPFLI</CHECKTABLE>
     <SHLPORIGIN>P</SHLPORIGIN>
    </DD27P>
    <DD27P>
     <VIEWNAME>ZBOOKMAP</VIEWNAME>
     <OBJPOS>0005</OBJPOS>
     <DDLANGUAGE>E</DDLANGUAGE>
     <VIEWFIELD>CARRID</VIEWFIELD>
     <TABNAME>SBOOK</TABNAME>
     <FIELDNAME>CARRID</FIELDNAME>
     <KEYFLAG>X</KEYFLAG>
     <ROLLNAME>S_CARR_ID</ROLLNAME>
     <ROLLNAMEVI>S_CARR_ID</ROLLNAMEVI>
     <CHECKTABLE>SCARR</CHECKTABLE>
     <SHLPORIGIN>P</SHLPORIGIN>
     <SHLPNAME>S_CARRIER_ID</SHLPNAME>
     <SHLPFIELD>CARRID</SHLPFIELD>
    </DD27P>
    <DD27P>
     <VIEWNAME>ZBOOKMAP</VIEWNAME>
     <OBJPOS>0006</OBJPOS>
     <DDLANGUAGE>E</DDLANGUAGE>
     <VIEWFIELD>ISCANCELLED</VIEWFIELD>
     <TABNAME>SBOOK</TABNAME>
     <FIELDNAME>CANCELLED</FIELDNAME>
     <ROLLNAME>S_CANCEL</ROLLNAME>
     <ROLLNAMEVI>S_CANCEL</ROLLNAMEVI>
     <SHLPORIGIN>F</SHLPORIGIN>
     <LOGFLAG>X</LOGFLAG>
     <VALEXI>X</VALEXI>
    </DD27P>
    <DD27P>
     <VIEWNAME>ZBOOKMAP</VIEWNAME>
     <OBJPOS>0007</OBJPOS>
     <DDLANGUAGE>E</DDLANGUAGE>
     <VIEWFIELD>AGENCYNUMBER</VIEWFIELD>
     <TABNAME>SBOOK</TABNAME>
     <FIELDNAME>AGENCYNUM</FIELDNAME>
     <ROLLNAME>S_AGNCYNUM</ROLLNAME>
     <ROLLNAMEVI>S_AGNCYNUM</ROLLNAMEVI>
     <CHECKTABLE>STRAVELAG</CHECKTABLE>
     <SHLPORIGIN>P</SHLPORIGIN>
     <SHLPNAME>STRAVELAG_NAME_SIMPLE</SHLPNAME>
     <SHLPFIELD>AGENCYNUM</SHLPFIELD>
    </DD27P>
    <DD27P>
     <VIEWNAME>ZBOOKMAP</VIEWNAME>
     <OBJPOS>0008</OBJPOS>
     <DDLANGUAGE>E</DDLANGUAGE>
     <VIEWFIELD>PASSBIRTH</VIEWFIELD>
     <TABNAME>SBOOK</TABNAME>
     <FIELDNAME>PASSBIRTH</FIELDNAME>
     <ROLLNAME>S_BIRTHDAT</ROLLNAME>
     <ROLLNAMEVI>S_BIRTHDAT</ROLLNAMEVI>
     <SHLPORIGIN>T</SHLPORIGIN>
    </DD27P>
    <DD27P>
     <VIEWNAME>ZBOOKMAP</VIEWNAME>
     <OBJPOS>0009</OBJPOS>
     <DDLANGUAGE>E</DDLANGUAGE>
     <VIEWFIELD>PASSNAME</VIEWFIELD>
     <TABNAME>SBOOK</TABNAME>
     <FIELDNAME>PASSNAME</FIELDNAME>
     <ROLLNAME>S_PASSNAME</ROLLNAME>
     <ROLLNAMEVI>S_PASSNAME</ROLLNAMEVI>
    </DD27P>
    <DD27P>
     <VIEWNAME>ZBOOKMAP</VIEWNAME>
     <OBJPOS>0010</OBJPOS>
     <DDLANGUAGE>E</DDLANGUAGE>
     <VIEWFIELD>ORDERDATE</VIEWFIELD>
     <TABNAME>SBOOK</TABNAME>
     <FIELDNAME>ORDER_DATE</FIELDNAME>
     <ROLLNAME>S_BDATE</ROLLNAME>
     <ROLLNAMEVI>S_BDATE</ROLLNAMEVI>
     <SHLPORIGIN>T</SHLPORIGIN>
    </DD27P>
    <DD27P>
     <VIEWNAME>ZBOOKMAP</VIEWNAME>
     <OBJPOS>0011</OBJPOS>
     <DDLANGUAGE>E</DDLANGUAGE>
     <VIEWFIELD>CLASS</VIEWFIELD>
     <TABNAME>SBOOK</TABNAME>
     <FIELDNAME>CLASS</FIELDNAME>
     <ROLLNAME>S_CLASS</ROLLNAME>
     <ROLLNAMEVI>S_CLASS</ROLLNAMEVI>
     <SHLPORIGIN>F</SHLPORIGIN>
     <VALEXI>X</VALEXI>
    </DD27P>
    <DD27P>
     <VIEWNAME>ZBOOKMAP</VIEWNAME>
     <OBJPOS>0012</OBJPOS>
     <DDLANGUAGE>E</DDLANGUAGE>
     <VIEWFIELD>CUSTOMID</VIEWFIELD>
     <TABNAME>SBOOK</TABNAME>
     <FIELDNAME>CUSTOMID</FIELDNAME>
     <ROLLNAME>S_CUSTOMER</ROLLNAME>
     <ROLLNAMEVI>S_CUSTOMER</ROLLNAMEVI>
     <CHECKTABLE>SCUSTOM</CHECKTABLE>
     <SHLPORIGIN>P</SHLPORIGIN>
    </DD27P>
   </DD27P_TABLE>
  </asx:values>
 </asx:abap>
</abapGit>
