﻿<?xml version="1.0" encoding="utf-8"?>
<abapGit version="v1.0.0" serializer="LCL_OBJECT_TABL" serializer_version="v1.0.0">
 <asx:abap xmlns:asx="http://www.sap.com/abapxml" version="1.0">
  <asx:values>
   <DD02V>
    <TABNAME>ZS5TP_D</TABNAME>
    <DDLANGUAGE>E</DDLANGUAGE>
    <TABCLASS>INTTAB</TABCLASS>
    <DDTEXT>#GENERATED#</DDTEXT>
    <EXCLASS>3</EXCLASS>
   </DD02V>
   <DD03P_TABLE>
    <DD03P>
     <TABNAME>ZS5TP_D</TABNAME>
     <FIELDNAME>CARRID</FIELDNAME>
     <POSITION>0001</POSITION>
     <KEYFLAG>X</KEYFLAG>
     <ROLLNAME>S_CARR_ID</ROLLNAME>
     <CHECKTABLE>SCARR</CHECKTABLE>
     <ADMINFIELD>0</ADMINFIELD>
     <SHLPORIGIN>P</SHLPORIGIN>
     <SHLPNAME>S_CARRIER_ID</SHLPNAME>
     <SHLPFIELD>CARRID</SHLPFIELD>
     <COMPTYPE>E</COMPTYPE>
    </DD03P>
    <DD03P>
     <TABNAME>ZS5TP_D</TABNAME>
     <FIELDNAME>CONNID</FIELDNAME>
     <POSITION>0002</POSITION>
     <KEYFLAG>X</KEYFLAG>
     <ROLLNAME>S_CONN_ID</ROLLNAME>
     <CHECKTABLE>SPFLI</CHECKTABLE>
     <ADMINFIELD>0</ADMINFIELD>
     <SHLPORIGIN>P</SHLPORIGIN>
     <COMPTYPE>E</COMPTYPE>
    </DD03P>
    <DD03P>
     <TABNAME>ZS5TP_D</TABNAME>
     <FIELDNAME>FLDATE</FIELDNAME>
     <POSITION>0003</POSITION>
     <KEYFLAG>X</KEYFLAG>
     <ROLLNAME>S_DATE</ROLLNAME>
     <ADMINFIELD>0</ADMINFIELD>
     <SHLPORIGIN>T</SHLPORIGIN>
     <COMPTYPE>E</COMPTYPE>
    </DD03P>
    <DD03P>
     <TABNAME>ZS5TP_D</TABNAME>
     <FIELDNAME>PRICE</FIELDNAME>
     <POSITION>0004</POSITION>
     <ROLLNAME>S_PRICE</ROLLNAME>
     <ADMINFIELD>0</ADMINFIELD>
     <REFTABLE>ZS5TP_D</REFTABLE>
     <REFFIELD>CURRENCY</REFFIELD>
     <COMPTYPE>E</COMPTYPE>
    </DD03P>
    <DD03P>
     <TABNAME>ZS5TP_D</TABNAME>
     <FIELDNAME>CURRENCY</FIELDNAME>
     <POSITION>0005</POSITION>
     <ROLLNAME>S_CURRCODE</ROLLNAME>
     <CHECKTABLE>SCURX</CHECKTABLE>
     <ADMINFIELD>0</ADMINFIELD>
     <SHLPORIGIN>P</SHLPORIGIN>
     <COMPTYPE>E</COMPTYPE>
    </DD03P>
    <DD03P>
     <TABNAME>ZS5TP_D</TABNAME>
     <FIELDNAME>PLANETYPE</FIELDNAME>
     <POSITION>0006</POSITION>
     <ROLLNAME>S_PLANETYE</ROLLNAME>
     <CHECKTABLE>SAPLANE</CHECKTABLE>
     <ADMINFIELD>0</ADMINFIELD>
     <SHLPORIGIN>P</SHLPORIGIN>
     <COMPTYPE>E</COMPTYPE>
    </DD03P>
    <DD03P>
     <TABNAME>ZS5TP_D</TABNAME>
     <FIELDNAME>SEATSMAX</FIELDNAME>
     <POSITION>0007</POSITION>
     <ROLLNAME>S_SEATSMAX</ROLLNAME>
     <ADMINFIELD>0</ADMINFIELD>
     <VALEXI>X</VALEXI>
     <SHLPORIGIN>F</SHLPORIGIN>
     <COMPTYPE>E</COMPTYPE>
    </DD03P>
    <DD03P>
     <TABNAME>ZS5TP_D</TABNAME>
     <FIELDNAME>SEATSOCC</FIELDNAME>
     <POSITION>0008</POSITION>
     <ROLLNAME>S_SEATSOCC</ROLLNAME>
     <ADMINFIELD>0</ADMINFIELD>
     <VALEXI>X</VALEXI>
     <SHLPORIGIN>F</SHLPORIGIN>
     <COMPTYPE>E</COMPTYPE>
    </DD03P>
    <DD03P>
     <TABNAME>ZS5TP_D</TABNAME>
     <FIELDNAME>PAYMENTSUM</FIELDNAME>
     <POSITION>0009</POSITION>
     <ROLLNAME>S_SUM</ROLLNAME>
     <ADMINFIELD>0</ADMINFIELD>
     <REFTABLE>ZS5TP_D</REFTABLE>
     <REFFIELD>CURRENCY</REFFIELD>
     <COMPTYPE>E</COMPTYPE>
    </DD03P>
    <DD03P>
     <TABNAME>ZS5TP_D</TABNAME>
     <FIELDNAME>SEATSMAX_B</FIELDNAME>
     <POSITION>0010</POSITION>
     <ROLLNAME>S_SMAX_B</ROLLNAME>
     <ADMINFIELD>0</ADMINFIELD>
     <VALEXI>X</VALEXI>
     <SHLPORIGIN>F</SHLPORIGIN>
     <COMPTYPE>E</COMPTYPE>
    </DD03P>
    <DD03P>
     <TABNAME>ZS5TP_D</TABNAME>
     <FIELDNAME>SEATSOCC_B</FIELDNAME>
     <POSITION>0011</POSITION>
     <ROLLNAME>S_SOCC_B</ROLLNAME>
     <ADMINFIELD>0</ADMINFIELD>
     <VALEXI>X</VALEXI>
     <SHLPORIGIN>F</SHLPORIGIN>
     <COMPTYPE>E</COMPTYPE>
    </DD03P>
    <DD03P>
     <TABNAME>ZS5TP_D</TABNAME>
     <FIELDNAME>SEATSMAX_F</FIELDNAME>
     <POSITION>0012</POSITION>
     <ROLLNAME>S_SMAX_F</ROLLNAME>
     <ADMINFIELD>0</ADMINFIELD>
     <VALEXI>X</VALEXI>
     <SHLPORIGIN>F</SHLPORIGIN>
     <COMPTYPE>E</COMPTYPE>
    </DD03P>
    <DD03P>
     <TABNAME>ZS5TP_D</TABNAME>
     <FIELDNAME>SEATSOCC_F</FIELDNAME>
     <POSITION>0013</POSITION>
     <ROLLNAME>S_SOCC_F</ROLLNAME>
     <ADMINFIELD>0</ADMINFIELD>
     <VALEXI>X</VALEXI>
     <SHLPORIGIN>F</SHLPORIGIN>
     <COMPTYPE>E</COMPTYPE>
    </DD03P>
    <DD03P>
     <TABNAME>ZS5TP_D</TABNAME>
     <FIELDNAME>CITYFROM</FIELDNAME>
     <POSITION>0014</POSITION>
     <ROLLNAME>S_FROM_CIT</ROLLNAME>
     <ADMINFIELD>0</ADMINFIELD>
     <COMPTYPE>E</COMPTYPE>
    </DD03P>
    <DD03P>
     <TABNAME>ZS5TP_D</TABNAME>
     <FIELDNAME>CITYTO</FIELDNAME>
     <POSITION>0015</POSITION>
     <ROLLNAME>S_TO_CITY</ROLLNAME>
     <ADMINFIELD>0</ADMINFIELD>
     <COMPTYPE>E</COMPTYPE>
    </DD03P>
    <DD03P>
     <TABNAME>ZS5TP_D</TABNAME>
     <FIELDNAME>PERCENTAGE</FIELDNAME>
     <DDLANGUAGE>E</DDLANGUAGE>
     <POSITION>0016</POSITION>
     <ADMINFIELD>0</ADMINFIELD>
     <INTTYPE>P</INTTYPE>
     <INTLEN>000004</INTLEN>
     <DATATYPE>DEC</DATATYPE>
     <LENG>000007</LENG>
     <DECIMALS>000002</DECIMALS>
     <MASK>  DEC</MASK>
    </DD03P>
   </DD03P_TABLE>
  </asx:values>
 </asx:abap>
</abapGit>
