﻿<?xml version="1.0" encoding="utf-8"?>
<abapGit version="v1.0.0" serializer="LCL_OBJECT_TABL" serializer_version="v1.0.0">
 <asx:abap xmlns:asx="http://www.sap.com/abapxml" version="1.0">
  <asx:values>
   <DD02V>
    <TABNAME>ZSBOOKINGS_D</TABNAME>
    <DDLANGUAGE>E</DDLANGUAGE>
    <TABCLASS>INTTAB</TABCLASS>
    <DDTEXT>#GENERATED#</DDTEXT>
    <EXCLASS>3</EXCLASS>
   </DD02V>
   <DD03P_TABLE>
    <DD03P>
     <TABNAME>ZSBOOKINGS_D</TABNAME>
     <FIELDNAME>CARRID</FIELDNAME>
     <POSITION>0001</POSITION>
     <KEYFLAG>X</KEYFLAG>
     <ROLLNAME>S_CARR_ID</ROLLNAME>
     <CHECKTABLE>SCARR</CHECKTABLE>
     <ADMINFIELD>0</ADMINFIELD>
     <SHLPORIGIN>P</SHLPORIGIN>
     <SHLPNAME>S_CARRIER_ID</SHLPNAME>
     <SHLPFIELD>CARRID</SHLPFIELD>
     <COMPTYPE>E</COMPTYPE>
    </DD03P>
    <DD03P>
     <TABNAME>ZSBOOKINGS_D</TABNAME>
     <FIELDNAME>CONNID</FIELDNAME>
     <POSITION>0002</POSITION>
     <KEYFLAG>X</KEYFLAG>
     <ROLLNAME>S_CONN_ID</ROLLNAME>
     <CHECKTABLE>SPFLI</CHECKTABLE>
     <ADMINFIELD>0</ADMINFIELD>
     <SHLPORIGIN>P</SHLPORIGIN>
     <COMPTYPE>E</COMPTYPE>
    </DD03P>
    <DD03P>
     <TABNAME>ZSBOOKINGS_D</TABNAME>
     <FIELDNAME>FLDATE</FIELDNAME>
     <POSITION>0003</POSITION>
     <KEYFLAG>X</KEYFLAG>
     <ROLLNAME>S_DATE</ROLLNAME>
     <CHECKTABLE>SFLIGHT</CHECKTABLE>
     <ADMINFIELD>0</ADMINFIELD>
     <SHLPORIGIN>P</SHLPORIGIN>
     <COMPTYPE>E</COMPTYPE>
    </DD03P>
    <DD03P>
     <TABNAME>ZSBOOKINGS_D</TABNAME>
     <FIELDNAME>BOOKID</FIELDNAME>
     <POSITION>0004</POSITION>
     <KEYFLAG>X</KEYFLAG>
     <ROLLNAME>S_BOOK_ID</ROLLNAME>
     <ADMINFIELD>0</ADMINFIELD>
     <COMPTYPE>E</COMPTYPE>
    </DD03P>
    <DD03P>
     <TABNAME>ZSBOOKINGS_D</TABNAME>
     <FIELDNAME>CUSTOMID</FIELDNAME>
     <POSITION>0005</POSITION>
     <ROLLNAME>S_CUSTOMER</ROLLNAME>
     <CHECKTABLE>SCUSTOM</CHECKTABLE>
     <ADMINFIELD>0</ADMINFIELD>
     <SHLPORIGIN>P</SHLPORIGIN>
     <COMPTYPE>E</COMPTYPE>
    </DD03P>
    <DD03P>
     <TABNAME>ZSBOOKINGS_D</TABNAME>
     <FIELDNAME>CUSTTYPE</FIELDNAME>
     <POSITION>0006</POSITION>
     <ROLLNAME>S_CUSTTYPE</ROLLNAME>
     <ADMINFIELD>0</ADMINFIELD>
     <VALEXI>X</VALEXI>
     <SHLPORIGIN>F</SHLPORIGIN>
     <COMPTYPE>E</COMPTYPE>
    </DD03P>
    <DD03P>
     <TABNAME>ZSBOOKINGS_D</TABNAME>
     <FIELDNAME>SMOKER</FIELDNAME>
     <POSITION>0007</POSITION>
     <ROLLNAME>S_SMOKER</ROLLNAME>
     <ADMINFIELD>0</ADMINFIELD>
     <VALEXI>X</VALEXI>
     <SHLPORIGIN>F</SHLPORIGIN>
     <COMPTYPE>E</COMPTYPE>
    </DD03P>
    <DD03P>
     <TABNAME>ZSBOOKINGS_D</TABNAME>
     <FIELDNAME>LUGGWEIGHT</FIELDNAME>
     <POSITION>0008</POSITION>
     <ROLLNAME>S_LUGWEIGH</ROLLNAME>
     <ADMINFIELD>0</ADMINFIELD>
     <REFTABLE>ZSBOOKINGS_D</REFTABLE>
     <REFFIELD>WUNIT</REFFIELD>
     <COMPTYPE>E</COMPTYPE>
    </DD03P>
    <DD03P>
     <TABNAME>ZSBOOKINGS_D</TABNAME>
     <FIELDNAME>WUNIT</FIELDNAME>
     <POSITION>0009</POSITION>
     <ROLLNAME>S_WEIUNIT</ROLLNAME>
     <CHECKTABLE>T006</CHECKTABLE>
     <ADMINFIELD>0</ADMINFIELD>
     <SHLPORIGIN>P</SHLPORIGIN>
     <COMPTYPE>E</COMPTYPE>
    </DD03P>
    <DD03P>
     <TABNAME>ZSBOOKINGS_D</TABNAME>
     <FIELDNAME>INVOICE</FIELDNAME>
     <POSITION>0010</POSITION>
     <ROLLNAME>S_INVFLAG</ROLLNAME>
     <ADMINFIELD>0</ADMINFIELD>
     <VALEXI>X</VALEXI>
     <SHLPORIGIN>F</SHLPORIGIN>
     <COMPTYPE>E</COMPTYPE>
    </DD03P>
    <DD03P>
     <TABNAME>ZSBOOKINGS_D</TABNAME>
     <FIELDNAME>CLASS</FIELDNAME>
     <POSITION>0011</POSITION>
     <ROLLNAME>S_CLASS</ROLLNAME>
     <ADMINFIELD>0</ADMINFIELD>
     <VALEXI>X</VALEXI>
     <SHLPORIGIN>F</SHLPORIGIN>
     <COMPTYPE>E</COMPTYPE>
    </DD03P>
    <DD03P>
     <TABNAME>ZSBOOKINGS_D</TABNAME>
     <FIELDNAME>FORCURAM</FIELDNAME>
     <POSITION>0012</POSITION>
     <ROLLNAME>S_F_CUR_PR</ROLLNAME>
     <ADMINFIELD>0</ADMINFIELD>
     <REFTABLE>ZSBOOKINGS_D</REFTABLE>
     <REFFIELD>FORCURKEY</REFFIELD>
     <COMPTYPE>E</COMPTYPE>
    </DD03P>
    <DD03P>
     <TABNAME>ZSBOOKINGS_D</TABNAME>
     <FIELDNAME>FORCURKEY</FIELDNAME>
     <POSITION>0013</POSITION>
     <ROLLNAME>S_CURR</ROLLNAME>
     <CHECKTABLE>SCURX</CHECKTABLE>
     <ADMINFIELD>0</ADMINFIELD>
     <SHLPORIGIN>P</SHLPORIGIN>
     <COMPTYPE>E</COMPTYPE>
    </DD03P>
    <DD03P>
     <TABNAME>ZSBOOKINGS_D</TABNAME>
     <FIELDNAME>LOCCURAM</FIELDNAME>
     <POSITION>0014</POSITION>
     <ROLLNAME>S_L_CUR_PR</ROLLNAME>
     <ADMINFIELD>0</ADMINFIELD>
     <REFTABLE>ZSBOOKINGS_D</REFTABLE>
     <REFFIELD>LOCCURKEY</REFFIELD>
     <COMPTYPE>E</COMPTYPE>
    </DD03P>
    <DD03P>
     <TABNAME>ZSBOOKINGS_D</TABNAME>
     <FIELDNAME>LOCCURKEY</FIELDNAME>
     <POSITION>0015</POSITION>
     <ROLLNAME>S_CURRCODE</ROLLNAME>
     <CHECKTABLE>SCURX</CHECKTABLE>
     <ADMINFIELD>0</ADMINFIELD>
     <SHLPORIGIN>P</SHLPORIGIN>
     <COMPTYPE>E</COMPTYPE>
    </DD03P>
    <DD03P>
     <TABNAME>ZSBOOKINGS_D</TABNAME>
     <FIELDNAME>ORDER_DATE</FIELDNAME>
     <POSITION>0016</POSITION>
     <ROLLNAME>S_BDATE</ROLLNAME>
     <ADMINFIELD>0</ADMINFIELD>
     <SHLPORIGIN>T</SHLPORIGIN>
     <COMPTYPE>E</COMPTYPE>
    </DD03P>
    <DD03P>
     <TABNAME>ZSBOOKINGS_D</TABNAME>
     <FIELDNAME>COUNTER</FIELDNAME>
     <POSITION>0017</POSITION>
     <ROLLNAME>S_COUNTNUM</ROLLNAME>
     <CHECKTABLE>SCOUNTER</CHECKTABLE>
     <ADMINFIELD>0</ADMINFIELD>
     <SHLPORIGIN>P</SHLPORIGIN>
     <COMPTYPE>E</COMPTYPE>
    </DD03P>
    <DD03P>
     <TABNAME>ZSBOOKINGS_D</TABNAME>
     <FIELDNAME>AGENCYNUM</FIELDNAME>
     <POSITION>0018</POSITION>
     <ROLLNAME>S_AGNCYNUM</ROLLNAME>
     <CHECKTABLE>STRAVELAG</CHECKTABLE>
     <ADMINFIELD>0</ADMINFIELD>
     <SHLPORIGIN>P</SHLPORIGIN>
     <SHLPNAME>STRAVELAG_NAME_SIMPLE</SHLPNAME>
     <SHLPFIELD>AGENCYNUM</SHLPFIELD>
     <COMPTYPE>E</COMPTYPE>
    </DD03P>
    <DD03P>
     <TABNAME>ZSBOOKINGS_D</TABNAME>
     <FIELDNAME>CANCELLED</FIELDNAME>
     <POSITION>0019</POSITION>
     <ROLLNAME>S_CANCEL</ROLLNAME>
     <ADMINFIELD>0</ADMINFIELD>
     <VALEXI>X</VALEXI>
     <SHLPORIGIN>F</SHLPORIGIN>
     <COMPTYPE>E</COMPTYPE>
    </DD03P>
    <DD03P>
     <TABNAME>ZSBOOKINGS_D</TABNAME>
     <FIELDNAME>RESERVED</FIELDNAME>
     <POSITION>0020</POSITION>
     <ROLLNAME>S_RESERV</ROLLNAME>
     <ADMINFIELD>0</ADMINFIELD>
     <VALEXI>X</VALEXI>
     <SHLPORIGIN>F</SHLPORIGIN>
     <COMPTYPE>E</COMPTYPE>
    </DD03P>
    <DD03P>
     <TABNAME>ZSBOOKINGS_D</TABNAME>
     <FIELDNAME>PASSNAME</FIELDNAME>
     <POSITION>0021</POSITION>
     <ROLLNAME>S_PASSNAME</ROLLNAME>
     <ADMINFIELD>0</ADMINFIELD>
     <COMPTYPE>E</COMPTYPE>
    </DD03P>
    <DD03P>
     <TABNAME>ZSBOOKINGS_D</TABNAME>
     <FIELDNAME>PASSFORM</FIELDNAME>
     <POSITION>0022</POSITION>
     <ROLLNAME>S_FORM</ROLLNAME>
     <ADMINFIELD>0</ADMINFIELD>
     <COMPTYPE>E</COMPTYPE>
    </DD03P>
    <DD03P>
     <TABNAME>ZSBOOKINGS_D</TABNAME>
     <FIELDNAME>PASSBIRTH</FIELDNAME>
     <POSITION>0023</POSITION>
     <ROLLNAME>S_BIRTHDAT</ROLLNAME>
     <ADMINFIELD>0</ADMINFIELD>
     <SHLPORIGIN>T</SHLPORIGIN>
     <COMPTYPE>E</COMPTYPE>
    </DD03P>
    <DD03P>
     <TABNAME>ZSBOOKINGS_D</TABNAME>
     <FIELDNAME>ORDERDATE</FIELDNAME>
     <POSITION>0024</POSITION>
     <ROLLNAME>S_BDATE</ROLLNAME>
     <ADMINFIELD>0</ADMINFIELD>
     <SHLPORIGIN>T</SHLPORIGIN>
     <COMPTYPE>E</COMPTYPE>
    </DD03P>
    <DD03P>
     <TABNAME>ZSBOOKINGS_D</TABNAME>
     <FIELDNAME>ISCANCELLED</FIELDNAME>
     <POSITION>0025</POSITION>
     <ROLLNAME>S_CANCEL</ROLLNAME>
     <ADMINFIELD>0</ADMINFIELD>
     <VALEXI>X</VALEXI>
     <SHLPORIGIN>F</SHLPORIGIN>
     <COMPTYPE>E</COMPTYPE>
    </DD03P>
   </DD03P_TABLE>
  </asx:values>
 </asx:abap>
</abapGit>
