﻿<?xml version="1.0" encoding="utf-8"?>
<abapGit version="v1.0.0" serializer="LCL_OBJECT_TABL" serializer_version="v1.0.0">
 <asx:abap xmlns:asx="http://www.sap.com/abapxml" version="1.0">
  <asx:values>
   <DD02V>
    <TABNAME>ZSK_BOOKINGS_TP_DB_KEY</TABNAME>
    <DDLANGUAGE>E</DDLANGUAGE>
    <TABCLASS>INTTAB</TABCLASS>
    <DDTEXT>Generated for Legacy DAC - #GENERATED#</DDTEXT>
    <EXCLASS>1</EXCLASS>
   </DD02V>
   <DD03P_TABLE>
    <DD03P>
     <TABNAME>ZSK_BOOKINGS_TP_DB_KEY</TABNAME>
     <FIELDNAME>BOOKID</FIELDNAME>
     <POSITION>0001</POSITION>
     <ROLLNAME>S_BOOK_ID</ROLLNAME>
     <ADMINFIELD>0</ADMINFIELD>
     <COMPTYPE>E</COMPTYPE>
    </DD03P>
    <DD03P>
     <TABNAME>ZSK_BOOKINGS_TP_DB_KEY</TABNAME>
     <FIELDNAME>FLDATE</FIELDNAME>
     <POSITION>0002</POSITION>
     <ROLLNAME>S_DATE</ROLLNAME>
     <ADMINFIELD>0</ADMINFIELD>
     <SHLPORIGIN>T</SHLPORIGIN>
     <COMPTYPE>E</COMPTYPE>
    </DD03P>
    <DD03P>
     <TABNAME>ZSK_BOOKINGS_TP_DB_KEY</TABNAME>
     <FIELDNAME>CONNID</FIELDNAME>
     <POSITION>0003</POSITION>
     <ROLLNAME>S_CONN_ID</ROLLNAME>
     <ADMINFIELD>0</ADMINFIELD>
     <COMPTYPE>E</COMPTYPE>
    </DD03P>
    <DD03P>
     <TABNAME>ZSK_BOOKINGS_TP_DB_KEY</TABNAME>
     <FIELDNAME>CARRID</FIELDNAME>
     <POSITION>0004</POSITION>
     <ROLLNAME>S_CARR_ID</ROLLNAME>
     <ADMINFIELD>0</ADMINFIELD>
     <SHLPORIGIN>D</SHLPORIGIN>
     <COMPTYPE>E</COMPTYPE>
    </DD03P>
   </DD03P_TABLE>
  </asx:values>
 </asx:abap>
</abapGit>
